{
  "Use Non-ASCII Font" : false,
  "Tags" : [

  ],
  "Ansi 12 Color" : {
    "Green Component" : 0.81066548824310303,
    "Red Component" : 0.43880558013916016,
    "Blue Component" : 0.99898606538772583
  },
  "Ansi 6 Color" : {
    "Green Component" : 1,
    "Red Component" : 0.34860008955001831,
    "Blue Component" : 0.82062870264053345
  },
  "Normal Font" : "SFMonoNerdFontComplete-Regular 12",
  "Bold Color" : {
    "Green Component" : 0.91671288013458252,
    "Red Component" : 0.91654461622238159,
    "Blue Component" : 0.91648769378662109
  },
  "Link Color" : {
    "Red Component" : 0,
    "Color Space" : "sRGB",
    "Blue Component" : 0.73422712087631226,
    "Alpha Component" : 1,
    "Green Component" : 0.35915297269821167
  },
  "Ansi 0 Color" : {
    "Green Component" : 0.35616019368171692,
    "Red Component" : 0.26286587119102478,
    "Blue Component" : 0.40253299474716187
  },
  "Guid" : "F5CC521B-7090-4718-8E7B-DD28E0953C8F",
  "Rows" : 50,
  "Default Bookmark" : "No",
  "Cursor Guide Color" : {
    "Red Component" : 0.70214027166366577,
    "Color Space" : "sRGB",
    "Blue Component" : 1,
    "Alpha Component" : 0.25,
    "Green Component" : 0.92681378126144409
  },
  "Non-ASCII Anti Aliased" : true,
  "Use Bright Bold" : true,
  "Ansi 10 Color" : {
    "Green Component" : 0.96712285280227661,
    "Red Component" : 0.67800694704055786,
    "Blue Component" : 0.74659085273742676
  },
  "Ambiguous Double Width" : false,
  "Jobs to Ignore" : [
    "rlogin",
    "ssh",
    "slogin",
    "telnet"
  ],
  "Ansi 15 Color" : {
    "Green Component" : 0.99997437000274658,
    "Red Component" : 1,
    "Blue Component" : 0.99999129772186279
  },
  "Foreground Color" : {
    "Green Component" : 0.92142927646636963,
    "Red Component" : 0.90730977058410645,
    "Blue Component" : 0.93115901947021484
  },
  "Working Directory" : "\/Users\/uwussimo",
  "Blinking Cursor" : true,
  "Disable Window Resizing" : true,
  "Sync Title" : false,
  "Prompt Before Closing 2" : false,
  "BM Growl" : true,
  "Command" : "",
  "Description" : "Default",
  "Mouse Reporting" : true,
  "Screen" : -1,
  "Selection Color" : {
    "Green Component" : 0.41462835669517517,
    "Red Component" : 0.30659490823745728,
    "Blue Component" : 0.47096589207649231
  },
  "Columns" : 160,
  "Idle Code" : 0,
  "Ansi 13 Color" : {
    "Green Component" : 0.40164706110954285,
    "Red Component" : 0.9887651801109314,
    "Blue Component" : 0.60766077041625977
  },
  "Custom Command" : "No",
  "ASCII Anti Aliased" : true,
  "Non Ascii Font" : "Monaco 12",
  "Vertical Spacing" : 1,
  "Use Bold Font" : true,
  "Option Key Sends" : 0,
  "Selected Text Color" : {
    "Green Component" : 0.92142927646636963,
    "Red Component" : 0.90730977058410645,
    "Blue Component" : 0.93115901947021484
  },
  "Background Color" : {
    "Red Component" : 0.12941176470588237,
    "Color Space" : "sRGB",
    "Blue Component" : 0.13725490196078433,
    "Alpha Component" : 1,
    "Green Component" : 0.13333333333333333
  },
  "Character Encoding" : 4,
  "Ansi 11 Color" : {
    "Green Component" : 0.88262283802032471,
    "Red Component" : 0.99765938520431519,
    "Blue Component" : 0.42511638998985291
  },
  "Use Italic Font" : true,
  "Unlimited Scrollback" : false,
  "Keyboard Map" : {
    "0x33-0x200000-0x0" : {
      "Text" : "3",
      "Action" : 12
    },
    "0x2f-0x200000-0x0" : {
      "Text" : "\/",
      "Action" : 12
    },
    "0x3-0x200000-0x0" : {
      "Text" : "0xd",
      "Action" : 11
    },
    "0x38-0x200000-0x0" : {
      "Text" : "8",
      "Action" : 12
    },
    "0xf728-0x80000-0x0" : {
      "Text" : "d",
      "Action" : 10
    },
    "0xf70e-0x20000-0x0" : {
      "Text" : "[23;2~",
      "Action" : 10
    },
    "0xf701-0x220000-0x0" : {
      "Text" : "[1;2B",
      "Action" : 10
    },
    "0x32-0x40000-0x0" : {
      "Text" : "0x00",
      "Action" : 11
    },
    "0xf700-0x240000-0x0" : {
      "Text" : "[1;5A",
      "Action" : 10
    },
    "0xf703-0x220000-0x0" : {
      "Text" : "[1;2C",
      "Action" : 10
    },
    "0xf70b-0x20000-0x0" : {
      "Text" : "[19;2~",
      "Action" : 10
    },
    "0xf702-0x240000-0x0" : {
      "Text" : "[1;5D",
      "Action" : 10
    },
    "0xf701-0x280000" : {
      "Action" : 11,
      "Text" : "0x1b 0x1b 0x5b 0x42"
    },
    "0xf701-0x260000-0x0" : {
      "Text" : "[1;6B",
      "Action" : 10
    },
    "0xf72b-0x40000-0x0" : {
      "Text" : "[1;5F",
      "Action" : 10
    },
    "0xf703-0x260000-0x0" : {
      "Text" : "[1;6C",
      "Action" : 10
    },
    "0x31-0x200000-0x0" : {
      "Text" : "1",
      "Action" : 12
    },
    "0xf702-0x280000-0x0" : {
      "Text" : "b",
      "Action" : 10
    },
    "0x2d-0x200000-0x0" : {
      "Text" : "-",
      "Action" : 12
    },
    "0xf709-0x20000-0x0" : {
      "Text" : "[17;2~",
      "Action" : 10
    },
    "0xf700-0x280000" : {
      "Action" : 11,
      "Text" : "0x1b 0x1b 0x5b 0x41"
    },
    "0x36-0x200000-0x0" : {
      "Text" : "6",
      "Action" : 12
    },
    "0xf706-0x20000-0x0" : {
      "Text" : "[1;2R",
      "Action" : 10
    },
    "0x36-0x40000-0x0" : {
      "Text" : "0x1e",
      "Action" : 11
    },
    "0xf729-0x40000-0x0" : {
      "Text" : "[1;5H",
      "Action" : 10
    },
    "0x2d-0x40000-0x0" : {
      "Text" : "0x1f",
      "Action" : 11
    },
    "0xf702-0x300000-0x0" : {
      "Text" : "0x1",
      "Action" : 11
    },
    "0x7f-0x80000-0x0" : {
      "Text" : "0x1b 0x7f",
      "Action" : 11
    },
    "0x33-0x40000-0x0" : {
      "Text" : "0x1b",
      "Action" : 11
    },
    "0x2b-0x200000-0x0" : {
      "Text" : "+",
      "Action" : 12
    },
    "0x34-0x200000-0x0" : {
      "Text" : "4",
      "Action" : 12
    },
    "0xf70d-0x20000-0x0" : {
      "Text" : "[21;2~",
      "Action" : 10
    },
    "0xf72b-0x20000-0x0" : {
      "Text" : "[1;2F",
      "Action" : 10
    },
    "0x39-0x200000-0x0" : {
      "Text" : "9",
      "Action" : 12
    },
    "0xf70a-0x20000-0x0" : {
      "Text" : "[18;2~",
      "Action" : 10
    },
    "0x37-0x40000-0x0" : {
      "Text" : "0x1f",
      "Action" : 11
    },
    "0xf708-0x20000-0x0" : {
      "Text" : "[15;2~",
      "Action" : 10
    },
    "0xf729-0x20000-0x0" : {
      "Text" : "[1;2H",
      "Action" : 10
    },
    "0xf700-0x220000-0x0" : {
      "Text" : "[1;2A",
      "Action" : 10
    },
    "0xf705-0x20000-0x0" : {
      "Text" : "[1;2Q",
      "Action" : 10
    },
    "0xf702-0x220000-0x0" : {
      "Text" : "[1;2D",
      "Action" : 10
    },
    "0x2e-0x200000-0x0" : {
      "Text" : ".",
      "Action" : 12
    },
    "0x32-0x200000-0x0" : {
      "Text" : "2",
      "Action" : 12
    },
    "0xf701-0x240000-0x0" : {
      "Text" : "[1;5B",
      "Action" : 10
    },
    "0xf700-0x260000-0x0" : {
      "Text" : "[1;6A",
      "Action" : 10
    },
    "0x37-0x200000-0x0" : {
      "Text" : "7",
      "Action" : 12
    },
    "0xf703-0x240000-0x0" : {
      "Text" : "[1;5C",
      "Action" : 10
    },
    "0x34-0x40000-0x0" : {
      "Text" : "0x1c",
      "Action" : 11
    },
    "0xf702-0x260000-0x0" : {
      "Text" : "[1;6D",
      "Action" : 10
    },
    "0xf703-0x280000-0x0" : {
      "Text" : "f",
      "Action" : 10
    },
    "0xf70f-0x20000-0x0" : {
      "Text" : "[24;2~",
      "Action" : 10
    },
    "0x7f-0x100000-0x0" : {
      "Text" : "0x15",
      "Action" : 11
    },
    "0xf70c-0x20000-0x0" : {
      "Text" : "[20;2~",
      "Action" : 10
    },
    "0xf703-0x300000-0x0" : {
      "Text" : "0x5",
      "Action" : 11
    },
    "0x30-0x200000-0x0" : {
      "Text" : "0",
      "Action" : 12
    },
    "0x38-0x40000-0x0" : {
      "Text" : "0x7f",
      "Action" : 11
    },
    "0x35-0x200000-0x0" : {
      "Text" : "5",
      "Action" : 12
    },
    "0xf739-0x0-0x0" : {
      "Text" : "",
      "Action" : 13
    },
    "0xf707-0x20000-0x0" : {
      "Text" : "[1;2S",
      "Action" : 10
    },